person_official_id,person_name,person_full_name,gender,country,birh_date
113959,Martina ANDERSON,Martina Anderson,Female,United Kingdom,1962-04-16
113892,Eric ANDRIEU,Eric Andrieu,Male,France,1960-04-14
28161,Margrete AUKEN,Margrete Auken,Female,Denmark,1945-01-06
96955,Catherine BEARDER,Catherine Bearder,Female,United Kingdom,1949-01-14
97198,Mara BIZZOTTO,Mara Bizzotto,Female,Italy,1972-06-03
96681,Vilija BLINKEVIČIŪTĖ,Vilija Blinkevičiūtė,Female,Lithuania,1960-03-03
112748,Biljana BORZAN,Biljana Borzan,Female,Croatia,1971-11-29
4267,Udo BULLMANN,Udo Bullmann,Male,Germany,1956-06-08
38420,Cristian-Silviu BUŞOI,Cristian-Silviu Buşoi,Male,Romania,1978-03-01
190517,Martin SCHIRDEWAN,Martin Schirdewan,Male,Germany,1975-07-12
23788,Adam BIELAN,Adam Bielan,Male,Poland,1974-09-12
96922,Izaskun BILBAO BARANDICA,Izaskun Bilbao Barandica,Female,Spain,1961-03-27
96711,Pascal CANFIN,Pascal Canfin,Male,France,1974-08-22
28390,Pilar del CASTILLO VERA,Pilar del Castillo Vera,Female,Spain,1952-07-31
1892,Carlos COELHO,Carlos Coelho,Male,Portugal,1960-05-20
96775,Lara COMI,Lara Comi,Female,Italy,1983-02-18
96880,Andrea COZZOLINO,Andrea Cozzolino,Male,Italy,1962-08-03
33997,Corina CREȚU,Corina Crețu,Female,Romania,1967-06-24
125030,Annie SCHREIJER-PIERIK,Annie Schreijer-Pierik,Female,Netherlands,1953-02-17
96867,Maria da Graça CARVALHO,Maria da Graça Carvalho,Female,Portugal,1955-04-09
28219,Daniel CASPARY,Daniel Caspary,Male,Germany,1976-04-04
4554,Chris DAVIES,Chris Davies,Male,United Kingdom,1954-07-07
96891,Paolo DE CASTRO,Paolo De Castro,Male,Italy,1958-02-02
96868,Karima DELLI,Karima Delli,Female,France,1979-03-04
96826,Tamás DEUTSCH,Tamás Deutsch,Male,Hungary,1966-07-27
96951,Diane DODDS,Diane Dodds,Female,United Kingdom,1958-08-16
96787,Herbert DORFMANN,Herbert Dorfmann,Male,Italy,1969-03-04
28226,Christian EHLER,Christian Ehler,Male,Germany,1963-08-17
96725,Bas EICKHOUT,Bas Eickhout,Male,Netherlands,1976-10-08
124809,Sven SCHULZE,Sven Schulze,Male,Germany,1979-07-31
96809,Peter van DALEN,Peter van Dalen,Male,Netherlands,1958-09-03
124837,Joachim SCHUSTER,Joachim Schuster,Male,Germany,1962-10-28
96842,Ismail ERTUG,Ismail Ertug,Male,Germany,1975-12-05
4550,Jill EVANS,Jill Evans,Female,United Kingdom,1959-05-08
96911,Tanja FAJON,Tanja Fajon,Female,Slovenia,1971-05-09
4525,Nigel FARAGE,Nigel Farage,Male,United Kingdom,1964-04-03
1917,Markus FERBER,Markus Ferber,Male,Germany,1965-01-15
96899,José Manuel FERNANDES,José Manuel Fernandes,Male,Portugal,1967-07-26
96706,João FERREIRA,João Ferreira,Male,Portugal,1978-11-20
96810,Carlo FIDANZA,Carlo Fidanza,Male,Italy,1976-09-21
2341,Michael GAHLER,Michael Gahler,Male,Germany,1960-04-22
28150,Kinga GÁL,Kinga Gál,Female,Hungary,1970-09-06
1992,José Manuel GARCÍA-MARGALLO Y MARFIL,José Manuel García-Margallo y Marfil,Male,Spain,1944-08-13
96991,Eider GARDIAZABAL RUBIAL,Eider Gardiazabal Rubial,Female,Spain,1975-07-12
28223,Andreas SCHWAB,Andreas Schwab,Male,Germany,1973-04-09
28298,Iratxe GARCÍA PÉREZ,Iratxe García Pérez,Female,Spain,1974-10-07
96730,Sven GIEGOLD,Sven Giegold,Male,Germany,1969-11-17
96892,Roberto GUALTIERI,Roberto Gualtieri,Male,Italy,1966-07-19
96952,Sylvie GUILLAUME,Sylvie Guillaume,Female,France,1962-06-11
96830,Enikő GYŐRI,Enikő Győri,Female,Hungary,1968-07-17
4555,Daniel HANNAN,Daniel Hannan,Male,United Kingdom,1971-09-01
124942,Molly SCOTT CATO,Molly Scott Cato,Female,United Kingdom,1963-05-21
23816,András GYÜRK,András Gyürk,Male,Hungary,1972-12-02
96779,Danuta Maria HÜBNER,Danuta Maria Hübner,Female,Poland,1948-04-08
28266,Sophia IN 'T VELD,Sophia in 't Veld,Female,Netherlands,1963-09-13
96740,Yannick JADOT,Yannick Jadot,Male,France,1967-07-27
96772,Peter JAHR,Peter Jahr,Male,Germany,1959-04-24
28141,Lívia JÁRÓKA,Lívia Járóka,Female,Hungary,1974-10-06
5565,Brice HORTEFEUX,Brice Hortefeux,Male,France,1958-05-11
96837,Petra KAMMEREVERT,Petra Kammerevert,Female,Germany,1966-06-01
4246,Othmar KARAS,Othmar Karas,Male,Austria,1957-12-24
96734,Ska KELLER,Ska Keller,Female,Germany,1981-11-22
96668,Seán KELLY,Seán Kelly,Male,Ireland,1952-04-26
96829,Ádám KÓSA,Ádám Kósa,Male,Hungary,1975-07-01
97968,Andrey KOVATCHEV,Andrey Kovatchev,Male,Bulgaria,1967-12-13
1854,Constanze KREHL,Constanze Krehl,Female,Germany,1956-10-14
38398,Esther de LANGE,Esther de Lange,Female,Netherlands,1975-02-19
96796,Ryszard Antoni LEGUTKO,Ryszard Antoni Legutko,Male,Poland,1949-12-24
23781,Janusz LEWANDOWSKI,Janusz Lewandowski,Male,Poland,1951-06-13
23768,Bogusław LIBERADZKI,Bogusław Liberadzki,Male,Poland,1948-09-12
1927,Peter LIESE,Peter Liese,Male,Germany,1965-05-20
96709,Morten LØKKEGAARD,Morten Løkkegaard,Male,Denmark,1964-12-20
96812,Juan Fernando LÓPEZ AGUILAR,Juan Fernando López Aguilar,Male,Spain,1961-06-10
96791,Elżbieta Katarzyna ŁUKACIJEWSKA,Elżbieta Katarzyna Łukacijewska,Female,Poland,1966-11-25
111011,Anthea McINTYRE,Anthea McIntyre,Female,United Kingdom,1954-06-29
96820,Marisa MATIAS,Marisa Matias,Female,Portugal,1976-02-20
96936,Gabriel MATO,Gabriel Mato,Male,Spain,1961-04-29
96978,Nuno MELO,Nuno Melo,Male,Portugal,1966-03-18
118859,Roberta METSOLA,Roberta Metsola,Female,Malta,1979-01-18
120478,Martina MICHELS,Martina Michels,Female,Germany,1955-12-01
28400,Francisco José MILLÁN MON,Francisco José Millán Mon,Male,Spain,1955-03-08
24942,Ana MIRANDA,Ana Miranda,Female,Spain,1971-05-02
124747,Pedro SILVA PEREIRA,Pedro Silva Pereira,Male,Portugal,1962-08-15
96844,Norbert NEUSER,Norbert Neuser,Male,Germany,1949-03-22
1394,Bill NEWTON DUNN,Bill Newton Dunn,Male,United Kingdom,1941-10-03
30482,Younous OMARJEE,Younous Omarjee,Male,France,1969-09-30
28224,Markus PIEPER,Markus Pieper,Male,Germany,1963-05-15
40599,Sirpa PIETIKÄINEN,Sirpa Pietikäinen,Female,Finland,1959-04-19
38595,Rovana PLUMB,Rovana Plumb,Female,Romania,1960-06-22
96801,Tomasz Piotr PORĘBA,Tomasz Piotr Poręba,Male,Poland,1973-03-31
96903,Paulo RANGEL,Paulo Rangel,Male,Portugal,1968-02-18
96998,Evelyn REGNER,Evelyn Regner,Female,Austria,1966-01-24
4253,Frédérique RIES,Frédérique Ries,Female,Belgium,1959-05-14
124710,Michaela ŠOJDROVÁ,Michaela Šojdrová,Female,Czechia,1963-10-28
37312,Christel SCHALDEMOSE,Christel Schaldemose,Female,Denmark,1967-08-04
96653,Katarína ROTH NEVEĎALOVÁ,Katarína Roth Neveďalová,Female,Slovakia,1982-11-10
28297,Jacek SARYUSZ-WOLSKI,Jacek Saryusz-Wolski,Male,Poland,1948-09-19
96864,David Maria SASSOLI,David Maria Sassoli,Male,Italy,1956-05-30
96646,Helmut SCHOLZ,Helmut Scholz,Male,Germany,1954-06-21
185974,Jordi SOLÉ,Jordi Solé,Male,Spain,1976-10-26
112611,Petri SARVAMAA,Petri Sarvamaa,Male,Finland,1960-09-15
124834,Martin SONNEBORN,Martin Sonneborn,Male,Germany,1965-05-15
28508,Alyn SMITH,Alyn Smith,Male,United Kingdom,1973-09-15
119434,Dubravka ŠUICA,Dubravka Šuica,Female,Croatia,1957-05-20
23821,József SZÁJER,József Szájer,Male,Hungary,1961-09-07
28340,Patrizia TOIA,Patrizia Toia,Female,Italy,1950-03-17
119431,Ruža TOMAŠIĆ,Ruža Tomašić,Female,Croatia,1958-05-10
96697,Waldemar TOMASZEWSKI,Waldemar Tomaszewski,Male,Lithuania,1965-03-03
114268,Nils TORVALDS,Nils Torvalds,Male,Finland,1945-08-07
96713,Evžen TOŠENOVSKÝ,Evžen Tošenovský,Male,Czechia,1956-02-26
96698,Viktor USPASKICH,Viktor Uspaskich,Male,Lithuania,1959-07-24
28617,Inese VAIDERE,Inese Vaidere,Female,Latvia,1952-09-03
37324,Adina-Ioana VĂLEAN,Adina-Ioana Vălean,Female,Romania,1968-02-16
29579,Marc TARABELLA,Marc Tarabella,Male,Belgium,1963-03-11
96756,Sabine VERHEYEN,Sabine Verheyen,Female,Germany,1964-10-24
97058,Guy VERHOFSTADT,Guy Verhofstadt,Male,Belgium,1953-04-11
96761,Axel VOSS,Axel Voss,Male,Germany,1963-04-07
2323,Rainer WIELAND,Rainer Wieland,Male,Germany,1957-02-19
39725,Iuliu WINKLER,Iuliu Winkler,Male,Romania,1964-03-14
23712,Jan ZAHRADIL,Jan Zahradil,Male,Czechia,1963-03-20
4513,Geoffrey VAN ORDEN,Geoffrey Van Orden,Male,United Kingdom,1945-04-10
189525,Asim ADEMOV,Asim Ademov,Male,Bulgaria,1968-12-03
124831,Isabella ADINOLFI,Isabella Adinolfi,Female,Italy,1978-03-27
125045,Clara AGUILERA,Clara Aguilera,Female,Spain,1964-01-03
125110,Nikos ANDROULAKIS,Nikos Androulakis,Male,Greece,1979-02-07
124973,Gerolf ANNEMANS,Gerolf Annemans,Male,Belgium,1958-11-08
124696,Andrus ANSIP,Andrus Ansip,Male,Estonia,1956-10-01
124936,Maria ARENA,Maria Arena,Female,Belgium,1966-12-17
96808,Pablo ARIAS ECHEVERRÍA,Pablo Arias Echeverría,Male,Spain,1970-06-30
24922,Pascal ARIMONT,Pascal Arimont,Male,Belgium,1974-09-25
124766,Petras AUŠTREVIČIUS,Petras Auštrevičius,Male,Lithuania,1963-05-16
124760,Nicolas BAY,Nicolas Bay,Male,France,1977-12-21
124777,Tiziana BEGHIN,Tiziana Beghin,Female,Italy,1971-02-04
124867,Brando BENIFEI,Brando Benifei,Male,Italy,1986-01-01
23868,Monika BEŇOVÁ,Monika Beňová,Female,Slovakia,1968-08-15
124970,Miriam DALLI,Miriam Dalli,Female,Malta,1976-05-19
28619,Tatjana ŽDANOKA,Tatjana Ždanoka,Female,Latvia,1950-05-08
124992,Malin BJÖRK,Malin Björk,Female,Sweden,1972-05-22
125004,Franc BOGOVIČ,Franc Bogovič,Male,Slovenia,1963-02-02
124814,Simona BONAFÈ,Simona Bonafè,Female,Italy,1973-07-12
28346,Mercedes BRESSO,Mercedes Bresso,Female,Italy,1944-07-12
124818,Klaus BUCHNER,Klaus Buchner,Male,Germany,1941-02-06
125012,Daniel BUDA,Daniel Buda,Male,Romania,1970-01-11
188733,Jonathan BULLOCK,Jonathan Bullock,Male,United Kingdom,1963-03-03
96739,Reinhard BÜTIKOFER,Reinhard Bütikofer,Male,Germany,1953-01-26
124986,Matt CARTHY,Matt Carthy,Male,Ireland,1977-07-19
28122,David CASA,David Casa,Male,Malta,1968-11-16
124812,Fabio Massimo CASTALDO,Fabio Massimo Castaldo,Male,Italy,1985-09-18
124708,Dita CHARANZOVÁ,Dita Charanzová,Female,Czechia,1975-04-30
124861,Caterina CHINNICI,Caterina Chinnici,Female,Italy,1954-11-05
26837,Lefteris CHRISTOFOROU,Lefteris Christoforou,Male,Cyprus,1963-08-31
183793,Angelo CIOCCA,Angelo Ciocca,Male,Italy,1975-06-28
124988,Deirdre CLUNE,Deirdre Clune,Female,Ireland,1959-06-01
2309,Richard CORBETT,Richard Corbett,Male,United Kingdom,1955-01-06
124856,Ignazio CORRAO,Ignazio Corrao,Male,Italy,1984-01-14
28372,Ryszard CZARNECKI,Ryszard Czarnecki,Male,Poland,1963-01-25
124835,Rosa D'AMATO,Rosa D'Amato,Female,Italy,1969-03-30
124952,Seb DANCE,Seb Dance,Male,United Kingdom,1981-12-01
124821,Nicola DANTI,Nicola Danti,Male,Italy,1966-09-06
124714,Andor DELI,Andor Deli,Male,Hungary,1977-05-02
190774,Geoffroy DIDIER,Geoffroy Didier,Male,France,1976-04-12
124709,Martina DLABAJOVÁ,Martina Dlabajová,Female,Czechia,1976-07-26
124693,Pascal DURAND,Pascal Durand,Male,France,1960-10-03
124873,Angel DZHAMBAZKI,Angel Dzhambazki,Male,Bulgaria,1979-03-21
96811,Rosa ESTARÀS FERRAGUT,Rosa Estaràs Ferragut,Female,Spain,1965-10-21
124779,Eleonora EVI,Eleonora Evi,Female,Italy,1983-11-20
124989,Fredrick FEDERLEY,Fredrick Federley,Male,Sweden,1978-05-06
125046,Jonás FERNÁNDEZ,Jonás Fernández,Male,Spain,1979-01-08
192634,Giuseppe FERRANDINO,Giuseppe Ferrandino,Male,Italy,1963-03-21
124833,Laura FERRARA,Laura Ferrara,Female,Italy,1983-09-11
4465,Raffaele FITTO,Raffaele Fitto,Male,Italy,1969-08-28
124985,Luke Ming FLANAGAN,Luke Ming Flanagan,Male,Ireland,1972-01-22
28353,Anna FOTYGA,Anna Fotyga,Female,Poland,1957-01-12
1913,Evelyne GEBHARDT,Evelyne Gebhardt,Female,Germany,1954-01-19
124807,Jens GIESEKE,Jens Gieseke,Male,Germany,1971-05-18
4533,Neena GILL,Neena Gill,Female,United Kingdom,1956-12-24
124965,Nathan GILL,Nathan Gill,Male,United Kingdom,1973-07-06
125027,Esteban GONZÁLEZ PONS,Esteban González Pons,Male,Spain,1964-08-21
125025,Marcel de GRAAFF,Marcel de Graaff,Male,Netherlands,1962-04-07
124785,Maria GRAPINI,Maria Grapini,Female,Romania,1954-11-07
124961,Theresa GRIFFIN,Theresa Griffin,Female,United Kingdom,1962-12-11
124991,Jytte GUTELAND,Jytte Guteland,Female,Sweden,1979-09-16
193419,Christophe HANSEN,Christophe Hansen,Male,Luxembourg,1982-02-21
2054,Heidi HAUTALA,Heidi Hautala,Female,Finland,1955-11-14
125023,Anja HAZEKAMP,Anja Hazekamp,Female,Netherlands,1968-01-21
124895,Krzysztof HETMAN,Krzysztof Hetman,Male,Poland,1974-06-27
96780,Monika HOHLMEIER,Monika Hohlmeier,Female,Germany,1962-07-02
124715,György HÖLVÉNYI,György Hölvényi,Male,Hungary,1962-06-13
188636,John HOWARTH,John Howarth,Male,United Kingdom,1958-10-31
58789,Jan HUITEMA,Jan Huitema,Male,Netherlands,1984-07-05
189065,France JAMET,France Jamet,Female,France,1961-02-05
125021,Agnes JONGERIUS,Agnes Jongerius,Female,Netherlands,1960-11-04
125109,Eva KAILI,Eva Kaili,Female,Greece,1978-10-26
96771,Jarosław KALINOWSKI,Jarosław Kalinowski,Male,Poland,1962-04-12
124887,Karol KARSKI,Karol Karski,Male,Poland,1966-05-13
191693,Elsi KATAINEN,Elsi Katainen,Female,Finland,1966-12-17
124953,Jude KIRTON-DARLING,Jude Kirton-Darling,Female,United Kingdom,1977-06-02
23699,Kateřina KONEČNÁ,Kateřina Konečná,Female,Czechia,1981-01-20
124822,Dietmar KÖSTER,Dietmar Köster,Male,Germany,1957-01-06
130833,Stelios KOULOGLOU,Stelios Kouloglou,Male,Greece,1953-02-27
124891,Zdzisław KRASNODĘBSKI,Zdzisław Krasnodębski,Male,Poland,1953-04-11
124735,Miapetra KUMPULA-NATRI,Miapetra Kumpula-Natri,Female,Finland,1972-05-19
28389,Zbigniew KUŹMIUK,Zbigniew Kuźmiuk,Male,Poland,1956-09-19
124866,Ilhan KYUCHYUK,Ilhan Kyuchyuk,Male,Bulgaria,1985-09-16
96648,Philippe LAMBERTS,Philippe Lamberts,Male,Belgium,1963-03-14
192635,Danilo Oscar LANCINI,Danilo Oscar Lancini,Male,Italy,1965-10-15
124738,Gilles LEBRETON,Gilles Lebreton,Male,France,1958-10-11
95074,Jeroen LENAERS,Jeroen Lenaers,Male,Netherlands,1984-04-29
124808,Norbert LINS,Norbert Lins,Male,Germany,1977-12-22
125042,Javi LÓPEZ,Javi López,Male,Spain,1985-11-11
28399,Antonio LÓPEZ-ISTÚRIZ WHITE,Antonio López-Istúriz White,Male,Spain,1970-04-01
124996,Peter LUNDGREN,Peter Lundgren,Male,Sweden,1963-02-02
124806,David McALLISTER,David McAllister,Male,Germany,1971-01-12
190713,Lukas MANDL,Lukas Mandl,Male,Austria,1979-07-12
33982,Marian-Jean MARINESCU,Marian-Jean Marinescu,Male,Romania,1952-08-11
124828,Fulvio MARTUSCIELLO,Fulvio Martusciello,Male,Italy,1968-05-25
24505,Emmanuel MAUREL,Emmanuel Maurel,Male,France,1973-05-10
98341,Eva MAYDELL,Eva Maydell,Female,Bulgaria,1986-01-26
38511,Georg MAYER,Georg Mayer,Male,Austria,1973-10-12
124765,Joëlle MÉLIN,Joëlle Mélin,Female,France,1950-03-26
193292,Tilly METZ,Tilly Metz,Female,Luxembourg,1967-05-26
190518,Jörg MEUTHEN,Jörg Meuthen,Male,Germany,1961-06-29
125128,Iskra MIHAYLOVA,Iskra Mihaylova,Female,Bulgaria,1957-09-07
189391,Baroness Nosheena MOBARIK,Nosheena Mobarik,Female,United Kingdom,1957-10-16
124722,Csaba MOLNÁR,Csaba Molnár,Male,Hungary,1975-12-04
72779,Nadine MORANO,Nadine Morano,Female,France,1963-11-06
124799,Alessandra MORETTI,Alessandra Moretti,Female,Italy,1973-06-24
124862,Ulrike MÜLLER,Ulrike Müller,Female,Germany,1962-12-07
124802,Siegfried MUREŞAN,Siegfried Mureşan,Male,Romania,1981-09-20
28429,Alessandra MUSSOLINI,Alessandra Mussolini,Female,Italy,1962-12-30
190519,Caroline NAGTEGAAL,Caroline Nagtegaal,Female,Netherlands,1980-06-01
125005,Javier NART,Javier Nart,Male,Spain,1947-08-19
88882,Victor NEGRESCU,Victor Negrescu,Male,Romania,1985-08-17
124784,Dan NICA,Dan Nica,Male,Romania,1960-07-02
4289,Angelika NIEBLER,Angelika Niebler,Female,Germany,1963-02-18
124701,Luděk NIEDERMAYER,Luděk Niedermayer,Male,Czechia,1966-03-13
124836,Maria NOICHL,Maria Noichl,Female,Germany,1967-01-09
129073,Urmas PAET,Urmas Paet,Male,Estonia,1974-04-20
125038,Maite PAGAZAURTUNDÚA,Maite Pagazaurtundúa,Female,Spain,1965-02-11
190099,Rory PALMER,Rory Palmer,Male,United Kingdom,1981-11-19
124692,Demetris PAPADAKIS,Demetris Papadakis,Male,Cyprus,1966-08-22
125093,Kostas PAPADAKIS,Kostas Papadakis,Male,Greece,1975-04-18
28586,Dimitrios PAPADIMOULIS,Dimitrios Papadimoulis,Male,Greece,1955-03-21
124844,Piernicola PEDICINI,Piernicola Pedicini,Male,Italy,1969-05-22
124872,Morten PETERSEN,Morten Petersen,Male,Denmark,1966-09-14
124846,Pina PICIERNO,Pina Picierno,Female,Italy,1981-05-10
136236,João PIMENTA LOPES,João Pimenta Lopes,Male,Portugal,1980-04-12
37229,Kati PIRI,Kati Piri,Female,Netherlands,1979-04-08
124704,Stanislav POLČÁK,Stanislav Polčák,Male,Czechia,1980-02-21
125706,Jiří POSPÍŠIL,Jiří Pospíšil,Male,Czechia,1975-11-24
124850,Emil RADEV,Emil Radev,Male,Bulgaria,1971-05-26
188945,Dennis RADTKE,Dennis Radtke,Male,Germany,1979-04-29
103381,Terry REINTKE,Terry Reintke,Female,Germany,1987-05-09
125043,Inma RODRÍGUEZ-PIÑERO,Inma Rodríguez-Piñero,Female,Spain,1958-01-07
125214,Bronis ROPĖ,Bronis Ropė,Male,Lithuania,1955-04-14
132366,Pirkko RUOHONEN-LERNER,Pirkko Ruohonen-Lerner,Female,Finland,1957-02-06
125670,Massimiliano SALINI,Massimiliano Salini,Male,Italy,1973-03-11
24594,Anne SANDER,Anne Sander,Female,France,1973-10-01
124781,Alfred SANT,Alfred Sant,Male,Malta,1948-02-28
125064,Maria SPYRAKI,Maria Spyraki,Female,Greece,1965-09-11
124852,Sergei STANISHEV,Sergei Stanishev,Male,Bulgaria,1966-05-05
124929,Ivan ŠTEFANEC,Ivan Štefanec,Male,Slovakia,1961-09-30
2187,Antonio TAJANI,Antonio Tajani,Male,Italy,1953-08-04
125020,Paul TANG,Paul Tang,Male,Netherlands,1967-04-23
125104,Romana TOMC,Romana Tomc,Female,Slovenia,1965-11-02
124700,Yana TOOM,Yana Toom,Female,Estonia,1966-10-15
131507,Miguel URBÁN CRESPO,Miguel Urbán Crespo,Male,Spain,1980-03-26
124972,Ernest URTASUN,Ernest Urtasun,Male,Spain,1982-01-27
124934,Monika VANA,Monika Vana,Female,Austria,1969-09-14
5729,Kathleen VAN BREMPT,Kathleen Van Brempt,Female,Belgium,1969-11-18
129164,Tom VANDENKENDELAERE,Tom Vandenkendelaere,Male,Belgium,1984-09-02
125106,Johan VAN OVERTVELDT,Johan Van Overtveldt,Male,Belgium,1955-08-24
130100,Hilde VAUTMANS,Hilde Vautmans,Female,Belgium,1972-05-02
125001,Harald VILIMSKY,Harald Vilimsky,Male,Austria,1966-07-22
124726,Henna VIRKKUNEN,Henna Virkkunen,Female,Finland,1972-06-04
124875,Anders VISTISEN,Anders Primdahl Vistisen,Male,Denmark,1987-11-12
125065,Elissavet VOZEMBERG-VRIONIDI,Elissavet Vozemberg-Vrionidi,Female,Greece,1956-09-14
190464,Thomas WAITZ,Thomas Waitz,Male,Austria,1973-05-16
124963,Julie WARD,Julie Ward,Female,United Kingdom,1957-03-07
28229,Manfred WEBER,Manfred Weber,Male,Germany,1972-07-14
124877,Jadwiga WIŚNIEWSKA,Jadwiga Wiśniewska,Female,Poland,1963-07-02
185619,Tiemo WÖLKEN,Tiemo Wölken,Male,Germany,1985-12-05
125067,Theodoros ZAGORAKIS,Theodoros Zagorakis,Male,Greece,1971-10-27
124780,Marco ZANNI,Marco Zanni,Male,Italy,1986-07-11
197490,Magdalena ADAMOWICZ,Magdalena Adamowicz,Female,Poland,1973-04-10
197826,Matteo ADINOLFI,Matteo Adinolfi,Male,Italy,1963-12-24
197403,Alex AGIUS SALIBA,Alex Agius Saliba,Male,Malta,1988-01-31
198096,Mazaly AGUILAR,Mazaly Aguilar,Female,Spain,1949-09-20
197696,Scott AINSLIE,Scott Ainslie,Male,United Kingdom,1968-12-27
204335,Alviina ALAMETSÄ,Alviina Alametsä,Female,Finland,1992-09-29
237224,João ALBUQUERQUE,João Albuquerque,Male,Portugal,1986-12-25
197836,Alexander ALEXANDROV YORDANOV,Alexander Alexandrov Yordanov,Male,Bulgaria,1952-02-13
96750,François ALFONSI,François Alfonsi,Male,France,1953-09-14
197848,Atidzhe ALIEVA-VELI,Atidzhe Alieva-Veli,Female,Bulgaria,1981-09-18
197644,Christian ALLARD,Christian Allard,Male,United Kingdom,1964-03-31
197400,Abir AL-SAHLANI,Abir Al-Sahlani,Female,Sweden,1976-05-18
247122,Catherine AMALRIC,Catherine Amalric,Female,France,1964-10-19
197746,Álvaro AMARO,Álvaro Amaro,Male,Portugal,1953-05-25
197783,Andris AMERIKS,Andris Ameriks,Male,Latvia,1961-03-05
197475,Christine ANDERSON,Christine Anderson,Female,Germany,1968-07-29
204371,Heather ANDERSON,Heather Anderson,Female,United Kingdom,1959-01-31
197448,Rasmus ANDRESEN,Rasmus Andresen,Male,Germany,1986-02-20
204332,Barry ANDREWS,Barry Andrews,Male,Ireland,1967-05-16
197691,Mathilde ANDROUËT,Mathilde Androuët,Female,France,1984-07-03
202073,Marc ANGEL,Marc Angel,Male,Luxembourg,1963-03-12
197587,Attila ARA-KOVÁCS,Attila Ara-Kovács,Male,Hungary,1953-01-14
197492,Bartosz ARŁUKOWICZ,Bartosz Arłukowicz,Male,Poland,1971-12-30
197664,Clotilde ARMAND,Clotilde Armand,Female,Romania,1973-06-28
197701,Konstantinos ARVANITIS,Konstantinos Arvanitis,Male,Greece,1964-06-09
197771,Vladimír BILČÍK,Vladimír Bilčík,Male,Slovakia,1975-05-27
28615,Roberts ZĪLE,Roberts Zīle,Male,Latvia,1958-06-20
124884,Kosma ZŁOTOWSKI,Kosma Złotowski,Male,Poland,1964-01-14
124739,Carlos ZORRINHO,Carlos Zorrinho,Male,Portugal,1959-05-28
185341,Željana ZOVKO,Željana Zovko,Female,Croatia,1970-03-25
125237,Marco ZULLO,Marco Zullo,Male,Italy,1978-10-29
96933,Milan ZVER,Milan Zver,Male,Slovenia,1962-05-25
197695,Anna-Michelle ASIMAKOPOULOU,Anna-Michelle Asimakopoulou,Female,Greece,1967-03-27
197533,Manon AUBRY,Manon Aubry,Female,France,1989-12-22
197651,Carmen AVRAM,Carmen Avram,Female,Romania,1966-05-08
197781,Malik AZMANI,Malik Azmani,Male,Netherlands,1976-01-20
197789,Simona BALDASSARRE,Simona Baldassarre,Female,Italy,1970-11-12
247735,Laura BALLARÍN CEREZA,Laura Ballarín Cereza,Female,Spain,1984-07-19
197495,Marek Paweł BALT,Marek Paweł Balt,Male,Poland,1973-04-08
131580,Jordan BARDELLA,Jordan Bardella,Male,France,1995-09-13
197433,Katarina BARLEY,Katarina Barley,Female,Germany,1968-11-19
197684,Pernando BARRENA ARZA,Pernando Barrena Arza,Male,Spain,1965-11-01
197808,Pietro BARTOLO,Pietro Bartolo,Male,Italy,1956-02-10
197671,Traian BĂSESCU,Traian Băsescu,Male,Romania,1951-11-04
197610,Alessandra BASSO,Alessandra Basso,Female,Italy,1967-03-14
197779,José Ramón BAUZÁ DÍAZ,José Ramón Bauzá Díaz,Male,Spain,1970-11-16
132191,Gunnar BECK,Gunnar Beck,Male,Germany,1965-05-01
197437,Nicola BEER,Nicola Beer,Female,Germany,1970-01-23
197680,Aurélia BEIGNEUX,Aurélia Beigneux,Female,France,1980-06-02
197496,Marek BELKA,Marek Belka,Male,Poland,1952-01-09
197534,François-Xavier BELLAMY,François-Xavier Bellamy,Male,France,1985-10-11
197658,Adrian-Dragoş BENEA,Adrian-Dragoş Benea,Male,Romania,1975-12-18
197679,Isabel BENJUMEA BENJUMEA,Isabel Benjumea Benjumea,Female,Spain,1982-09-05
112014,Phil BENNION,Phil Bennion,Male,United Kingdom,1954-10-07
197408,Hildegard BENTELE,Hildegard Bentele,Female,Germany,1976-05-22
197778,Tom BERENDSEN,Tom Berendsen,Male,Netherlands,1983-04-11
197478,Lars Patrick BERG,Lars Patrick Berg,Male,Germany,1966-01-22
197410,Stefan BERGER,Stefan Berger,Male,Germany,1969-09-15
197396,Erik BERGKVIST,Erik Bergkvist,Male,Sweden,1965-05-01
4746,Sergio BERLATO,Sergio Berlato,Male,Italy,1959-07-27
4391,Silvio BERLUSCONI,Silvio Berlusconi,Male,Italy,1936-09-29
197648,Alexander BERNHUBER,Alexander Bernhuber,Male,Austria,1992-05-18
197498,Robert BIEDROŃ,Robert Biedroń,Male,Poland,1976-04-13
238674,Theresa BIELOWSKI,Theresa Bielowski,Female,Austria,1984-06-15
197551,Stéphane BIJOUX,Stéphane Bijoux,Male,France,1970-10-08
124771,Dominique BILDE,Dominique Bilde,Female,France,1953-08-01
197435,Gabriele BISCHOFF,Gabriele Bischoff,Female,Germany,1961-01-04
197512,Benoît BITEAU,Benoît Biteau,Male,France,1967-04-07
197637,Vasile BLAGA,Vasile Blaga,Male,Romania,1956-07-26
197564,Hynek BLAŠKO,Hynek Blaško,Male,Czechia,1955-07-15
197449,Michael BLOSS,Michael Bloss,Male,Germany,1986-11-06
124712,Andrea BOCSKOR,Andrea Bocskor,Female,Hungary,1978-08-11
197439,Damian BOESELAGER,Damian Boeselager,Male,Germany,1988-03-08
197636,Ioan-Rareş BOGDAN,Ioan-Rareş Bogdan,Male,Romania,1974-09-17
197521,Manuel BOMPARD,Manuel Bompard,Male,France,1986-03-30
197788,Anna BONFRISCO,Anna Bonfrisco,Female,Italy,1962-10-12
101039,Paolo BORCHIA,Paolo Borchia,Male,Italy,1980-05-27
187917,Marc BOTENGA,Marc Botenga,Male,Belgium,1980-12-29
197668,Vlad-Marius BOTOŞ,Vlad-Marius Botoş,Male,Romania,1986-06-15
197467,Geert BOURGEOIS,Geert Bourgeois,Male,Belgium,1951-07-06
197577,Gilles BOYER,Gilles Boyer,Male,France,1971-07-04
226260,Karolin BRAUNSBERGER-REINHOLD,Karolin Braunsberger-Reinhold,Female,Germany,1986-11-03
197431,Patrick BREYER,Patrick Breyer,Male,Germany,1977-04-29
197446,Milan BRGLEZ,Milan Brglez,Male,Slovenia,1967-09-01
197470,Saskia BRICMONT,Saskia Bricmont,Female,Belgium,1985-03-16
197716,Jane BROPHY,Jane Brophy,Female,United Kingdom,1963-08-27
197501,Joachim Stanisław BRUDZIŃSKI,Joachim Stanisław Brudziński,Male,Poland,1968-02-04
182995,Annika BRUNA,Annika Bruna,Female,France,1956-11-26
197576,Sylvie BRUNET,Sylvie Brunet,Female,France,1959-03-12
128483,Markus BUCHHEIT,Markus Buchheit,Male,Germany,1983-08-11
197715,David BULL,David Bull,Male,United Kingdom,1969-05-09
197739,Judith BUNTING,Judith Bunting,Female,United Kingdom,1960-11-27
197440,Delara BURKHARDT,Delara Burkhardt,Female,Germany,1992-11-03
197434,Martin BUSCHMANN,Martin Buschmann,Male,Germany,1970-04-17
197829,Jorge BUXADÉ VILLALBA,Jorge Buxadé Villalba,Male,Spain,1975-06-16
28269,Jerzy BUZEK,Jerzy Buzek,Male,Poland,1940-07-03
197617,Carlo CALENDA,Carlo Calenda,Male,Italy,1973-04-09
35016,Marco CAMPOMENOSI,Marco Campomenosi,Male,Italy,1975-09-02
126644,Jordi CAÑAS,Jordi Cañas,Male,Spain,1969-12-12
197574,Damien CARÊME,Damien Carême,Male,France,1960-11-16
197797,Andrea CAROPPO,Andrea Caroppo,Male,Italy,1979-06-26
197613,Gina DOWDING,Gina Dowding,Female,United Kingdom,1962-07-15
199996,Isabel CARVALHAIS,Isabel Carvalhais,Female,Portugal,1973-02-28
197796,Massimo CASANOVA,Massimo Casanova,Male,Italy,1970-08-31
86793,Anna CAVAZZINI,Anna Cavazzini,Female,Germany,1982-12-12
197786,Susanna CECCARDI,Susanna Ceccardi,Female,Italy,1987-03-19
197641,Sara CERDAS,Sara Cerdas,Female,Portugal,1989-03-23
197505,Catherine CHABAUD,Catherine Chabaud,Female,France,1962-11-29
236052,Patricia CHAGNON,Patricia Chagnon,Female,France,1963-11-20
197782,Mohammed CHAHIM,Mohammed Chahim,Male,Netherlands,1985-04-18
197529,Leila CHAIBI,Leila Chaibi,Female,France,1982-10-05
197463,Olivier CHASTEL,Olivier Chastel,Male,Belgium,1964-11-22
197714,Ellie CHOWNS,Ellie Chowns,Female,United Kingdom,1975-03-07
197558,Asger CHRISTENSEN,Asger Christensen,Male,Denmark,1958-01-08
204416,Ilana CICUREL,Ilana Cicurel,Female,France,1972-02-08
197507,Włodzimierz CIMOSZEWICZ,Włodzimierz Cimoszewicz,Male,Poland,1950-09-13
197631,Dacian CIOLOŞ,Dacian Cioloş,Male,Romania,1969-07-27
197657,Tudor CIUHODARU,Tudor Ciuhodaru,Male,Romania,1969-01-16
197761,Miroslav ČÍŽ,Miroslav Číž,Male,Slovakia,1954-02-11
245018,Christophe CLERGEAU,Christophe Clergeau,Male,France,1968-09-01
197536,Nathalie COLIN-OESTERLÉ,Nathalie Colin-Oesterlé,Female,France,1965-05-05
247737,Ana COLLADO JIMÉNEZ,Ana Collado Jiménez,Female,Spain,1984-02-08
197683,Gilbert COLLARD,Gilbert Collard,Male,France,1948-02-03
202352,Antoni COMÍN I OLIVERES,Antoni Comín i Oliveres,Male,Spain,1971-03-07
197616,Rosanna CONTE,Rosanna Conte,Female,Italy,1968-04-17
197503,David CORMAND,David Cormand,Male,France,1974-11-30
240478,Beatrice COVASSI,Beatrice Covassi,Female,Italy,1968-12-01
197588,Katalin CSEH,Katalin Cseh,Female,Hungary,1988-06-29
197654,Ciarán CUFFE,Ciarán Cuffe,Male,Ireland,1963-04-03
197394,Josianne CUTAJAR,Josianne Cutajar,Female,Malta,1989-12-27
183338,Jakop G. DALUNDE,Jakop G. Dalunde,Male,Sweden,1984-02-02
197731,Clare DALY,Clare Daly,Female,Ireland,1968-04-11
38542,Johan DANIELSSON,Johan Danielsson,Male,Sweden,1982-06-30
96747,Arnaud DANJEAN,Arnaud Danjean,Male,France,1971-02-11
239258,Maria Angela DANZÌ,Maria Angela Danzì,Female,Italy,1957-07-05
197608,Gianantonio DA RE,Gianantonio Da Re,Male,Italy,1953-09-06
197760,Martin Edward DAUBNEY,Martin Edward Daubney,Male,United Kingdom,1970-06-22
236050,Marie DAUCHY,Marie Dauchy,Female,France,1987-02-05
197556,Ivan DAVID,Ivan David,Male,Czechia,1952-09-24
197614,Marco DREOSTO,Marco Dreosto,Male,Italy,1969-03-18
239262,Elisabetta DE BLASIS,Elisabetta De Blasis,Female,Italy,1974-04-30
228604,Ilan DE BASSO,Ilan De Basso,Male,Sweden,1969-10-01
197504,Jérémy DECERLE,Jérémy Decerle,Male,France,1984-07-01
197531,Gwendoline DELBOS-CORFIELD,Gwendoline Delbos-Corfield,Female,France,1977-03-08
197736,Belinda DE LUCY,Belinda De Lucy,Female,United Kingdom,1976-10-15
197472,Filip DE MAN,Filip De Man,Male,Belgium,1955-11-11
204333,Salvatore DE MEO,Salvatore De Meo,Male,Italy,1971-10-27
197468,Özlem DEMIREL,Özlem Demirel,Female,Germany,1984-03-10
197453,Anna DEPARNAY-GRUNENBERG,Anna Deparnay-Grunenberg,Female,Germany,1976-06-05
197471,Petra DE SUTTER,Petra De Sutter,Female,Belgium,1963-06-10
197693,Dinesh DHAMIJA,Dinesh Dhamija,Male,United Kingdom,1950-03-28
197640,André Jorge DIONÍSIO BRADFORD,André Jorge Dionísio Bradford,Male,Portugal,1970-11-30
197579,Klára DOBREV,Klára Dobrev,Female,Hungary,1972-02-02
197473,Christian DOLESCHAL,Christian Doleschal,Male,Germany,1988-04-27
197595,Anna Júlia DONÁTH,Anna Júlia Donáth,Female,Hungary,1987-04-06
197822,Francesca DONATO,Francesca Donato,Female,Italy,1969-08-25
197510,Jarosław DUDA,Jarosław Duda,Male,Poland,1964-04-29
99945,Lena DÜPONT,Lena Düpont,Female,Germany,1986-04-30
198329,Estrella DURÁ FERRANDIS,Estrella Durá Ferrandis,Female,Spain,1963-09-22
197766,Lucia ĎURIŠ NICHOLSONOVÁ,Lucia Ďuriš Nicholsonová,Female,Slovakia,1976-11-28
237465,Matthias ECKE,Matthias Ecke,Male,Germany,1983-04-12
197643,Karoline EDTSTADLER,Karoline Edtstadler,Female,Austria,1981-03-28
209091,Cyrus ENGERER,Cyrus Engerer,Male,Malta,1981-09-28
197803,Andrew ENGLAND KERR,Andrew England Kerr,Male,United Kingdom,1958-09-23
97133,Derk Jan EPPINK,Derk Jan Eppink,Male,Netherlands,1958-11-07
96852,Cornelia ERNST,Cornelia Ernst,Female,Germany,1956-11-30
197430,Engin EROGLU,Engin Eroglu,Male,Germany,1982-02-12
197535,Agnès EVREN,Agnès Evren,Female,France,1970-12-27
197649,Gheorghe FALCĂ,Gheorghe Falcă,Male,Romania,1967-01-22
197589,Laurence FARRENG,Laurence Farreng,Female,France,1966-09-06
197480,Nicolaus FEST,Nicolaus Fest,Male,Germany,1962-07-01
197607,Pietro FIOCCHI,Pietro Fiocchi,Male,Italy,1964-05-22
197720,Frances FITZGERALD,Frances Fitzgerald,Female,Ireland,1950-08-07
197419,Valter FLEGO,Valter Flego,Male,Croatia,1972-08-15
197703,Lance FORMAN,Lance Forman,Male,United Kingdom,1962-10-13
197414,Loucas FOURLAS,Loucas Fourlas,Male,Cyprus,1969-08-21
197708,Claire FOX,Claire Fox,Female,United Kingdom,1960-06-05
198490,Emmanouil FRAGKOS,Emmanouil Fragkos,Male,Greece,1993-06-27
197513,Tomasz FRANKOWSKI,Tomasz Frankowski,Male,Poland,1974-08-16
197455,Cindy FRANSSEN,Cindy Franssen,Female,Belgium,1976-01-30
193273,Romeo FRANZ,Romeo Franz,Male,Germany,1966-10-28
106936,Daniel FREUND,Daniel Freund,Male,Germany,1984-10-14
197391,Heléne FRITZON,Heléne Fritzon,Female,Sweden,1960-09-29
101585,Niels FUGLSANG,Niels Fuglsang,Male,Denmark,1985-06-29
197795,Mario FURORE,Mario Furore,Male,Italy,1988-12-25
197555,Søren GADE,Søren Gade,Male,Denmark,1963-01-27
229352,Malte GALLÉE,Malte Gallée,Male,Germany,1993-09-05
197702,Lina GÁLVEZ MUÑOZ,Lina Gálvez Muñoz,Female,Spain,1969-09-13
197632,Claudia GAMON,Claudia Gamon,Female,Austria,1988-12-23
197582,Gianna GANCIA,Gianna Gancia,Female,Italy,1972-12-31
197735,Adriana MALDONADO LÓPEZ,Adriana Maldonado López,Female,Spain,1990-01-09
197717,Ibán GARCÍA DEL BLANCO,Ibán García Del Blanco,Male,Spain,1977-02-08
197742,Isabel GARCÍA MUÑOZ,Isabel García Muñoz,Female,Spain,1977-03-03
197554,Luis GARICANO,Luis Garicano,Male,Spain,1967-04-10
197628,Jean-Paul GARRAUD,Jean-Paul Garraud,Male,France,1956-02-27
239255,Matteo GAZZINI,Matteo Gazzini,Male,Italy,1985-07-09
183916,Alexandra GEESE,Alexandra Geese,Female,Germany,1968-07-01
96833,Jens GEIER,Jens Geier,Male,Germany,1961-06-22
197794,Chiara GEMMA,Chiara Gemma,Female,Italy,1968-09-20
197416,Giorgos GEORGIOU,Giorgos Georgiou,Male,Cyprus,1963-04-09
197819,Alexis GEORGOULIS,Alexis Georgoulis,Male,Greece,1974-10-06
197436,Helmut GEUKING,Helmut Geuking,Male,Germany,1964-01-16
209140,Vlad GHEORGHE,Vlad Gheorghe,Male,Romania,1985-02-22
239256,Paola GHIDONI,Paola Ghidoni,Female,Italy,1963-07-08
197661,Cristian GHINEA,Cristian Ghinea,Male,Romania,1977-07-20
197804,Dino GIARRUSSO,Dino Giarrusso,Male,Italy,1974-09-11
197600,Barbara Ann GIBSON,Barbara Ann Gibson,Female,United Kingdom,1962-08-25
197751,James Alexander GLANCY,James Alexander Glancy,Male,United Kingdom,1982-08-25
202036,Sunčana GLAVAK,Sunčana Glavak,Female,Croatia,1968-12-09
197443,Andreas GLUECK,Andreas Glueck,Male,Germany,1975-03-08
197694,Raphaël GLUCKSMANN,Raphaël Glucksmann,Male,France,1979-10-15
840,Charles GOERENS,Charles Goerens,Male,Luxembourg,1952-02-06
197728,Mónica Silvana GONZÁLEZ,Mónica Silvana González,Female,Spain,1976-02-12
197718,Nicolás GONZÁLEZ CASARES,Nicolás González Casares,Male,Spain,1972-07-20
204419,Sandro GOZI,Sandro Gozi,Male,France,1968-03-25
197799,Valentino GRANT,Valentino Grant,Male,Italy,1964-04-21
197549,Markéta GREGOROVÁ,Markéta Gregorová,Female,Czechia,1993-01-14
94649,Catherine GRISET,Catherine Griset,Female,France,1972-08-20
197780,Bart GROOTHUIS,Bart Groothuis,Male,Netherlands,1981-01-01
197452,Klemen GROŠELJ,Klemen Grošelj,Male,Slovenia,1976-03-08
197557,Christophe GRUDLER,Christophe Grudler,Male,France,1965-04-09
204420,Claude GRUFFAT,Claude Gruffat,Male,France,1957-09-13
197618,Elisabetta GUALMINI,Elisabetta Gualmini,Female,Italy,1968-05-17
197645,Francisco GUERREIRO,Francisco Guerreiro,Male,Portugal,1984-09-12
197543,Bernard GUETTA,Bernard Guetta,Male,France,1951-01-28
88715,José GUSMÃO,José Gusmão,Male,Portugal,1976-07-20
198063,Márton GYÖNGYÖSI,Márton Gyöngyösi,Male,Hungary,1977-06-08
197642,Ben HABIB,Ben Habib,Male,United Kingdom,1965-06-07
247709,Anja HAGA,Anja Haga,Female,Netherlands,1976-12-25
197444,Svenja HAHN,Svenja Hahn,Female,Germany,1989-07-25
197457,Henrike HAHN,Henrike Hahn,Female,Germany,1970-09-04
198176,Roman HAIDER,Roman Haider,Male,Austria,1967-04-13
34578,Robert HAJŠEL,Robert Hajšel,Male,Slovakia,1967-03-28
197596,Teuvo HAKKARAINEN,Teuvo Hakkarainen,Male,Finland,1960-04-12
197514,Andrzej HALICKI,Andrzej Halicki,Male,Poland,1961-11-26
197809,Lucy Elizabeth HARRIS,Lucy Elizabeth Harris,Female,United Kingdom,1990-10-19
96752,Martin HÄUSLING,Martin Häusling,Male,Germany,1961-03-26
197646,Mircea-Gheorghe HAVA,Mircea-Gheorghe Hava,Male,Romania,1956-12-26
135511,Valérie HAYER,Valérie Hayer,Female,France,1986-04-06
197601,Michael HEAVER,Michael Heaver,Male,United Kingdom,1989-09-22
197682,Hannes HEIDE,Hannes Heide,Male,Austria,1966-10-17
197800,Eero HEINÄLUOMA,Eero Heinäluoma,Male,Finland,1955-07-04
197412,Niclas HERBST,Niclas Herbst,Male,Germany,1973-02-28
197459,Pierrette HERZBERGER-FOFANA,Pierrette Herzberger-Fofana,Female,Germany,1949-03-20
124586,Balázs HIDVÉGHI,Balázs Hidvéghi,Male,Hungary,1970-11-28
197526,Martin HLAVÁČEK,Martin Hlaváček,Male,Czechia,1980-01-14
197770,Martin HOJSÍK,Martin Hojsík,Male,Slovakia,1977-01-27
197398,Pär HOLMGREN,Pär Holmgren,Male,Sweden,1964-10-24
122978,Alicia HOMS GINEL,Alicia Homs Ginel,Female,Spain,1993-10-15
218349,Michiel HOOGEVEEN,Michiel Hoogeveen,Male,Netherlands,1989-07-06
197730,Antony HOOK,Antony Hook,Male,United Kingdom,1980-04-10
197755,Martin HORWOOD,Martin Horwood,Male,United Kingdom,1962-10-12
197846,Ivo HRISTOV,Ivo Hristov,Male,Bulgaria,1970-10-08
197594,Laura HUHTASAARI,Laura Huhtasaari,Female,Finland,1979-03-30
197624,Ivars IJABS,Ivars Ijabs,Male,Latvia,1972-11-17
221463,Ladislav ILČIĆ,Ladislav Ilčić,Male,Croatia,1970-08-04
197392,Evin INCIR,Evin Incir,Female,Sweden,1984-06-15
197837,Stasys JAKELIŪNAS,Stasys Jakeliūnas,Male,Lithuania,1958-10-02
197516,Patryk JAKI,Patryk Jaki,Male,Poland,1985-05-11
124770,Jean-François JALKH,Jean-François Jalkh,Male,France,1957-05-23
197517,Adam JARUBAS,Adam Jarubas,Male,Poland,1974-12-17
112747,Romana JERKOVIĆ,Romana Jerković,Female,Croatia,1964-11-28
197758,Jackie JONES,Jackie Jones,Female,United Kingdom,1966-02-10
197752,Christina Sheila JORDAN,Christina Sheila Jordan,Female,United Kingdom,1962-06-19
197653,Claudiu MANDA,Claudiu Manda,Male,Romania,1975-12-20
197627,Virginie JORON,Virginie Joron,Female,France,1973-12-11
197447,Irena JOVEVA,Irena Joveva,Female,Slovenia,1989-02-26
197840,Rasa JUKNEVIČIENĖ,Rasa Juknevičienė,Female,Lithuania,1958-01-26
96708,Oriol JUNQUERAS I VIES,Oriol Junqueras i Vies,Male,Spain,1969-04-11
197518,Krzysztof JURGIEL,Krzysztof Jurgiel,Male,Poland,1953-11-18
197767,Eugen JURZYCA,Eugen Jurzyca,Male,Slovakia,1958-02-08
197626,Hervé JUVIN,Herve Juvin,Male,France,1956-01-29
197491,Marina KALJURAND,Marina Kaljurand,Female,Estonia,1962-09-06
96934,Sandra KALNIETE,Sandra Kalniete,Female,Latvia,1952-12-22
197839,Radan KANEV,Radan Kanev,Male,Bulgaria,1975-09-30
197469,Assita KANKO,Assita Kanko,Female,Belgium,1980-07-14
197585,Pierre KARLESKIND,Pierre Karleskind,Male,France,1979-10-19
197401,Karin KARLSBRO,Karin Karlsbro,Female,Sweden,1970-09-23
125068,Manolis KEFALOGIANNIS,Manolis Kefalogiannis,Male,Greece,1959-05-24
197818,Billy KELLEHER,Billy Kelleher,Male,Ireland,1968-01-20
22858,Fabienne KELLER,Fabienne Keller,Female,France,1959-10-20
197519,Beata KEMPA,Beata Kempa,Female,Poland,1966-02-11
197415,Niyazi KIZILYÜREK,Niyazi Kizilyürek,Male,Cyprus,1959-12-07
197520,Izabela-Helena KLOC,Izabela-Helena Kloc,Female,Poland,1963-05-08
197528,Ondřej KNOTEK,Ondřej Knotek,Male,Czechia,1984-08-31
197570,Peter KOFOD,Peter Kofod,Male,Denmark,1990-02-27
197523,Łukasz KOHUT,Łukasz Kohut,Male,Poland,1982-09-10
197406,Arba KOKALARI,Arba Kokalari,Female,Sweden,1986-11-27
197743,Petros KOKKALIS,Petros Kokkalis,Male,Greece,1970-02-26
197546,Marcel KOLAJA,Marcel Kolaja,Male,Czechia,1980-06-29
197438,Mislav KOLAKUŠIĆ,Mislav Kolakušić,Male,Croatia,1969-09-15
197740,Athanasios KONSTANTINOU,Athanasios Konstantinou,Male,Greece,1959-07-18
197525,Ewa KOPACZ,Ewa Kopacz,Female,Poland,1956-12-03
197530,Joanna KOPCIŃSKA,Joanna Kopcińska,Female,Poland,1967-01-02
197445,Moritz KÖRNER,Moritz Körner,Male,Germany,1990-08-03
197699,Elena KOUNTOURA,Elena Kountoura,Female,Greece,1962-11-02
118949,Ondřej KOVAŘÍK,Ondřej Kovařík,Male,Czechia,1980-08-21
197481,Maximilian KRAH,Maximilian Krah,Male,Germany,1977-01-28
197532,Elżbieta KRUK,Elżbieta Kruk,Female,Poland,1959-11-19
197843,Andrius KUBILIUS,Andrius Kubilius,Male,Lithuania,1956-12-08
197395,Alice KUHNKE,Alice Kuhnke,Female,Sweden,1971-12-21
197482,Joachim KUHS,Joachim Kuhs,Male,Germany,1956-06-25
197692,Stelios KYMPOUROPOULOS,Stelios Kympouropoulos,Male,Greece,1985-07-09
125063,Georgios KYRTSOS,Georgios Kyrtsos,Male,Greece,1952-06-04
204421,Jean-Lin LACAPELLE,Jean-Lin Lacapelle,Male,France,1967-04-17
197460,Sergey LAGODINSKY,Sergey Lagodinsky,Male,Germany,1975-12-01
197737,Ioannis LAGOS,Ioannis Lagos,Male,Greece,1972-09-07
197697,Aurore LALUCQ,Aurore Lalucq,Female,France,1979-04-17
1909,Bernd LANGE,Bernd Lange,Male,Germany,1955-11-14
197461,Katrin LANGENSIEPEN,Katrin Langensiepen,Female,Germany,1979-10-10
197597,Hélène LAPORTE,Hélène Laporte,Female,France,1978-12-29
197698,Pierre LARROUTUROU,Pierre Larrouturou,Male,France,1964-10-19
230085,Camilla LAURETI,Camilla Laureti,Female,Italy,1975-05-20
197686,Julie LECHANTEUX,Julie Lechanteux,Female,France,1977-12-22
197393,David LEGA,David Lega,Male,Sweden,1973-10-12
197635,Maria-Manuel LEITÃO-MARQUES,Maria-Manuel Leitão-Marques,Female,Portugal,1952-08-23
204336,Miriam LEXMANN,Miriam Lexmann,Female,Slovakia,1972-12-02
197483,Sylvia LIMMER,Sylvia Limmer,Female,Germany,1966-02-08
197611,Elena LIZZI,Elena Lizzi,Female,Italy,1967-10-30
197494,Nathalie LOISEAU,Nathalie Loiseau,Female,France,1964-06-01
197816,Naomi LONG,Naomi Long,Female,United Kingdom,1971-12-13
197807,John LONGWORTH,John Longworth,Male,United Kingdom,1958-05-14
197777,Leopoldo LÓPEZ GIL,Leopoldo López Gil,Male,Spain,1944-10-20
197759,Rupert LOWE,Rupert Lowe,Male,United Kingdom,1957-10-31
228286,Karsten LUCKE,Karsten Lucke,Male,Germany,1974-12-29
197721,César LUENA,César Luena,Male,Spain,1980-10-29
197458,Benoît LUTGEN,Benoît Lutgen,Male,Belgium,1970-03-10
28115,Mairead McGUINNESS,Mairead McGuinness,Female,Ireland,1959-06-13
30490,Aileen McLEOD,Aileen McLeod,Female,United Kingdom,1971-08-24
205452,Chris MACMANUS,Chris MacManus,Male,Ireland,1973-03-13
197493,Jaak MADISON,Jaak Madison,Male,Estonia,1991-04-22
197719,Cristina MAESTRE MARTÍN DE ALMAGRO,Cristina Maestre Martín De Almagro,Female,Spain,1975-07-27
197812,Magid MAGID,Magid Magid,Male,United Kingdom,1989-06-26
197592,Pierfrancesco MAJORINO,Pierfrancesco Majorino,Male,Italy,1973-05-14
197835,Aušra MALDEIKIENĖ,Aušra Maldeikienė,Female,Lithuania,1958-06-04
4560,Antonius MANDERS,Antonius Manders,Male,Netherlands,1956-03-14
197623,Thierry MARIANI,Thierry Mariani,Male,France,1958-08-08
209896,Colm MARKEY,Colm Markey,Male,Ireland,1972-01-03
197462,Erik MARQUARDT,Erik Marquardt,Male,Germany,1987-10-20
197638,Margarida MARQUES,Margarida Marques,Female,Portugal,1954-02-03
197634,Pedro MARQUES,Pedro Marques,Male,Portugal,1976-08-01
197441,Predrag Fred MATIĆ,Predrag Fred Matić,Male,Croatia,1962-06-02
208722,Sara MATTHIEU,Sara Matthieu,Female,Belgium,1981-05-21
124691,Costas MAVRIDES,Costas Mavrides,Male,Cyprus,1962-05-27
197522,Radka MAXOVÁ,Radka Maxová,Female,Czechia,1968-12-02
197538,Beata MAZUREK,Beata Mazurek,Female,Poland,1967-10-19
197841,Liudas MAŽYLIS,Liudas Mažylis,Male,Lithuania,1954-05-19
204418,Nora MEBAREK,Nora Mebarek,Female,France,1972-07-22
197662,Vangelis MEIMARAKIS,Vangelis Meimarakis,Male,Greece,1953-12-14
130256,Dace MELBĀRDE,Dace Melbārde,Female,Latvia,1971-04-03
197567,Karen MELCHIOR,Karen Melchior,Female,Denmark,1980-10-15
236053,Marina MESURE,Marina Mesure,Female,France,1989-07-12
197497,Sven MIKSER,Sven Mikser,Male,Estonia,1973-11-08
197824,Giuseppe MILAZZO,Giuseppe Milazzo,Male,Italy,1977-08-21
197540,Leszek MILLER,Leszek Miller,Male,Poland,1946-07-03
236051,Eric MINARDI,Eric Minardi,Male,France,1956-03-18
212855,Alin MITUȚA,Alin Mituța,Male,Romania,1984-05-24
197805,Silvia MODIG,Silvia Modig,Female,Finland,1976-07-08
197811,Shaffaq MOHAMMED,Shaffaq Mohammed,Male,United Kingdom,1972-07-21
124734,Cláudia MONTEIRO DE AGUIAR,Cláudia Monteiro de Aguiar,Female,Portugal,1982-04-08
197704,Brian MONTEITH,Brian Monteith,Male,United Kingdom,1958-01-08
197711,Dolors MONTSERRAT,Dolors Montserrat,Female,Spain,1973-09-18
4519,Claude MORAES,Claude Moraes,Male,United Kingdom,1965-10-22
28347,Javier MORENO SÁNCHEZ,Javier Moreno Sánchez,Male,Spain,1965-03-12
197427,Marlene MORTLER,Marlene Mortler,Female,Germany,1955-10-16
197647,Dan-Ştefan MOTREANU,Dan-Ştefan Motreanu,Male,Romania,1970-09-11
197541,Andżelika Anna MOŻDŻANOWSKA,Andżelika Anna Możdżanowska,Female,Poland,1975-03-20
197603,June Alison MUMMERY,June Alison Mummery,Female,United Kingdom,1964-01-30
233862,Matjaž NEMEC,Matjaž Nemec,Male,Slovenia,1980-04-10
239260,Denis NESCI,Denis Nesci,Male,Italy,1981-07-25
197604,Lucy NETHSINGHA,Lucy Nethsingha,Female,United Kingdom,1973-02-06
197464,Hannah NEUMANN,Hannah Neumann,Female,Germany,1984-04-03
197465,Niklas NIENASS,Niklas Nienass,Male,Germany,1992-04-14
197802,Ville NIINISTÖ,Ville Niinistö,Male,Finland,1976-07-30
197734,Lefteris NIKOLAOU-ALAVANOS,Lefteris Nikolaou-Alavanos,Male,Greece,1985-02-07
238639,Johan NISSINEN,Johan Nissinen,Male,Sweden,1989-05-17
202112,Gheorghe-Vlad NISTOR,Gheorghe-Vlad Nistor,Male,Romania,1954-07-25
28294,Ljudmila NOVAK,Ljudmila Novak,Female,Slovenia,1959-08-01
107212,Andrey NOVAKOV,Andrey Novakov,Male,Bulgaria,1988-07-07
197542,Janina OCHOJSKA,Janina Ochojska,Female,Poland,1955-03-12
197432,Jan-Christoph OETJEN,Jan-Christoph Oetjen,Male,Germany,1978-02-21
237779,Carina OHLSSON,Carina Ohlsson,Female,Sweden,1957-06-14
28288,Jan OLBRYCHT,Jan Olbrycht,Male,Poland,1952-09-21
197838,Juozas OLEKAS,Juozas Olekas,Male,Lithuania,1955-10-30
197687,Philippe OLIVIER,Philippe Olivier,Male,France,1961-08-30
234344,Max ORVILLE,Max Orville,Male,France,1962-06-19
197889,Grace O'SULLIVAN,Grace O'Sullivan,Female,Ireland,1962-03-08
197712,Henrik OVERGAARD NIELSEN,Henrik Overgaard Nielsen,Male,United Kingdom,1959-08-02
99283,Alessandro PANZA,Alessandro Panza,Male,Italy,1982-05-15
244571,Nikos PAPANDREOU,Nikos Papandreou,Male,Greece,1956-09-29
36392,Aldo PATRICIELLO,Aldo Patriciello,Male,Italy,1957-09-27
197620,Matthew PATTEN,Matthew Patten,Male,United Kingdom,1962-05-21
197466,Jutta PAULUS,Jutta Paulus,Female,Germany,1967-05-09
197420,Kris PEETERS,Kris Peeters,Male,Belgium,1962-05-18
197563,Mauri PEKKARINEN,Mauri Pekkarinen,Male,Finland,1947-10-06
197539,Mikuláš PEKSA,Mikuláš Peksa,Male,Czechia,1986-06-18
197527,Anne-Sophie PELLETIER,Anne-Sophie Pelletier,Female,France,1976-02-05
197845,Tsvetelina PENKOVA,Tsvetelina Penkova,Female,Bulgaria,1988-02-19
243979,Francesca PEPPUCCI,Francesca Peppucci,Female,Italy,1993-06-02
197754,Sandra PEREIRA,Sandra Pereira,Female,Portugal,1977-03-18
197738,Lídia PEREIRA,Lídia Pereira,Female,Portugal,1991-07-26
197573,Kira Marie PETER-HANSEN,Kira Marie Peter-Hansen,Female,Denmark,1998-02-23
197710,Alexandra Louise Rosenfield PHILLIPS,Alexandra Louise Rosenfield Phillips,Female,United Kingdom,1985-07-09
99461,Alexandra Lesley PHILLIPS,Alexandra Lesley Phillips,Female,United Kingdom,1983-12-26
112744,Tonino PICULA,Tonino Picula,Male,Croatia,1961-08-31
197619,Sabrina PIGNEDOLI,Sabrina Pignedoli,Female,Italy,1983-10-24
197828,Manu PINEDA,Manu Pineda,Male,Spain,1965-09-02
197629,Maxette PIRBAKAS,Maxette Pirbakas,Female,France,1975-04-14
204414,Margarita DE LA PISA CARRIÓN,Margarita de la Pisa Carrión,Female,Spain,1975-09-19
197590,Giuliano PISAPIA,Giuliano Pisapia,Male,Italy,1949-05-20
197663,Dragoş PÎSLARU,Dragoş Pîslaru,Male,Romania,1976-03-23
197732,Manuel PIZARRO,Manuel Pizarro,Male,Portugal,1964-02-02
197404,Jessica POLFJÄRD,Jessica Polfjärd,Female,Sweden,1971-05-27
197765,Peter POLLÁK,Peter Pollák,Male,Slovakia,1973-04-20
204443,Clara PONSATÍ OBIOLS,Clara Ponsatí Obiols,Female,Spain,1957-03-19
237320,Eva Maria POPTCHEVA,Eva Maria Poptcheva,Female,Spain,1979-10-17
197700,Luisa PORRITT,Luisa Porritt,Female,United Kingdom,1987-05-23
239972,Erik POULSEN,Erik Poulsen,Male,Denmark,1967-06-16
197820,Nicola PROCACCINI,Nicola Procaccini,Male,Italy,1976-01-21
197813,Jake PUGH,Jake Pugh,Male,United Kingdom,1960-10-20
202351,Carles PUIGDEMONT I CASAMAJÓ,Carles Puigdemont i Casamajó,Male,Spain,1962-12-29
197764,Miroslav RADAČOVSKÝ,Miroslav Radačovský,Male,Slovakia,1953-09-24
197868,Samira RAFAELA,Samira Rafaela,Female,Netherlands,1989-02-11
197544,Elżbieta RAFALSKA,Elżbieta Rafalska,Female,Poland,1955-06-22
239973,Bergur Løkke RASMUSSEN,Bergur Løkke Rasmussen,Male,Denmark,1990-03-04
197612,Annunziata Mary REES-MOGG,Annunziata Mary Rees-Mogg,Female,United Kingdom,1979-03-25
197790,Luisa REGIMENTI,Luisa Regimenti,Female,Italy,1958-06-05
197681,Sira REGO,Sira Rego,Female,Spain,1973-11-20
197488,Guido REIL,Guido Reil,Male,Germany,1970-01-19
229839,René REPASI,René Repasi,Male,Germany,1979-11-08
197413,Karlo RESSLER,Karlo Ressler,Male,Croatia,1989-12-26
218347,Thijs REUTEN,Thijs Reuten,Male,Netherlands,1974-01-12
197832,Diana RIBA I GINER,Diana Riba i Giner,Female,Spain,1975-02-21
197787,Antonio Maria RINALDI,Antonio Maria Rinaldi,Male,Italy,1955-02-27
229519,Catharina RINZEMA,Catharina Rinzema,Female,Netherlands,1985-07-04
206158,Manuela RIPA,Manuela Ripa,Female,Germany,1976-06-09
96885,Dominique RIQUET,Dominique Riquet,Male,France,1946-09-18
197815,Sheila RITCHIE,Sheila Ritchie,Female,United Kingdom,1957-05-18
96743,Michèle RIVASI,Michèle Rivasi,Female,France,1953-02-09
197615,Jérôme RIVIÈRE,Jérôme Rivière,Male,France,1964-07-08
197801,Franco ROBERTI,Franco Roberti,Male,Italy,1947-11-16
197785,Eugenia RODRÍGUEZ PALOP,Eugenia Rodríguez Palop,Female,Spain,1970-03-09
4344,María Soraya RODRÍGUEZ RAMOS,María Soraya Rodríguez Ramos,Female,Spain,1963-12-01
197584,Sándor RÓNAI,Sándor Rónai,Male,Hungary,1988-11-22
197792,Daniela RONDINELLI,Daniela Rondinelli,Female,Italy,1967-08-19
197776,Rob ROOKEN,Rob Rooken,Male,Netherlands,1969-10-05
204733,Dorien ROOKMAKER,Dorien Rookmaker,Female,Netherlands,1964-07-30
197709,Robert ROOS,Robert Roos,Male,Netherlands,1966-08-02
197506,Caroline ROOSE,Caroline Roose,Female,France,1968-11-10
204413,Marcos ROS SEMPERE,Marcos Ros Sempere,Male,Spain,1974-03-24
243912,Maria Veronica ROSSI,Maria Veronica Rossi,Female,Italy,1988-09-22
197690,André ROUGÉ,André Rougé,Male,France,1961-12-23
197602,Catherine ROWETT,Catherine Rowett,Female,United Kingdom,1956-12-29
197733,Robert ROWLAND,Robert Rowland,Male,United Kingdom,1966-02-28
245858,Thomas RUDNER,Thomas Rudner,Male,Germany,1961-09-11
197773,Bert-Jan RUISSEN,Bert-Jan Ruissen,Male,Netherlands,1972-03-22
127096,Domènec RUIZ DEVESA,Domènec Ruiz Devesa,Male,Spain,1978-03-03
197545,Bogdan RZOŃCA,Bogdan Rzońca,Male,Poland,1961-02-01
204368,Christian SAGARTZ,Christian Sagartz,Male,Austria,1981-01-16
197722,Nacho SÁNCHEZ AMOR,Nacho Sánchez Amor,Male,Spain,1960-05-15
197650,Isabel SANTOS,Isabel Santos,Female,Portugal,1968-02-12
197578,Silvia SARDONE,Silvia Sardone,Female,Italy,1982-12-25
197500,Mounir SATOURI,Mounir Satouri,Male,France,1975-05-25
213330,Ernő SCHALLER-BAROSS,Ernő Schaller-Baross,Male,Hungary,1987-01-30
197670,Andreas SCHIEDER,Andreas Schieder,Male,Austria,1969-04-16
197656,Simone SCHMIEDTBAUER,Simone Schmiedtbauer,Female,Austria,1974-06-08
197428,Nicolas SCHMIT,Nicolas Schmit,Male,Luxembourg,1953-12-10
197422,Christine SCHNEIDER,Christine Schneider,Female,Germany,1972-06-05
197869,Liesje SCHREINEMACHER,Liesje Schreinemacher,Female,Netherlands,1983-05-13
197425,Ralf SEEKATZ,Ralf Seekatz,Male,Germany,1972-11-10
197508,Stéphane SÉJOURNÉ,Stéphane Séjourné,Male,France,1985-03-26
197418,Monica SEMEDO,Monica Semedo,Female,Luxembourg,1984-06-15
197423,Nico SEMSROTT,Nico Semsrott,Male,Germany,1986-03-11
197677,Günther SIDL,Günther Sidl,Male,Austria,1975-03-19
197548,Radosław SIKORSKI,Radosław Sikorski,Male,Poland,1963-02-23
103746,Michal ŠIMEČKA,Michal Šimečka,Male,Slovakia,1984-05-10
197426,Sven SIMON,Sven Simon,Male,Germany,1978-10-09
197935,Ivan Vilibor SINČIĆ,Ivan Vilibor Sinčić,Male,Croatia,1990-08-28
96932,Birgit SIPPEL,Birgit Sippel,Female,Germany,1960-01-29
197390,Sara SKYTTEDAL,Sara Skyttedal,Female,Sweden,1986-08-06
197849,Andrey SLABAKOV,Andrey Slabakov,Male,Bulgaria,1960-08-13
197791,Massimiliano SMERIGLIO,Massimiliano Smeriglio,Male,Italy,1966-05-08
204334,Vincenzo SOFO,Vincenzo Sofo,Male,Italy,1986-12-18
197417,Tomislav SOKOL,Tomislav Sokol,Male,Croatia,1982-09-20
197784,Susana SOLÍS PÉREZ,Susana Solís Pérez,Female,Spain,1971-12-21
197550,Sylwia SPUREK,Sylwia Spurek,Female,Poland,1976-01-29
197825,Raffaele STANCANELLI,Raffaele Stancanelli,Male,Italy,1950-06-30
239271,Eleni STAVROU,Eleni Stavrou,Female,Cyprus,1975-07-04
197814,Louis STEDMAN-BRYCE,Louis Stedman-Bryce,Male,United Kingdom,1974-12-26
58766,Nicolae ŞTEFĂNUȚĂ,Nicolae Ştefănuță,Male,Romania,1982-01-03
197399,Jessica STEGRUD,Jessica Stegrud,Female,Sweden,1970-09-27
197772,Tineke STRIK,Tineke Strik,Female,Netherlands,1961-09-28
134605,Ramona STRUGARIU,Ramona Strugariu,Female,Romania,1979-08-06
197553,Beata SZYDŁO,Beata Szydło,Female,Poland,1963-04-15
204331,Linea SØGAARD-LIDELL,Linea Søgaard-Lidell,Female,Denmark,1987-03-30
204346,Dominik TARCZYŃSKI,Dominik Tarczyński,Male,Poland,1979-03-27
197806,Annalisa TARDINO,Annalisa Tardino,Female,Italy,1979-04-30
197756,Vera TAX,Vera Tax,Female,Netherlands,1972-02-08
197705,John David Edward TENNANT,John David Edward Tennant,Male,United Kingdom,1986-12-25
197655,Cristian TERHEŞ,Cristian Terheş,Male,Romania,1978-12-04
204449,Riho TERRAS,Riho Terras,Male,Estonia,1967-04-17
197831,Hermann TERTSCH,Hermann Tertsch,Male,Spain,1958-04-09
197667,Barbara THALER,Barbara Thaler,Female,Austria,1982-02-16
96776,Róża THUN UND HOHENSTEIN,Róża Thun und Hohenstein,Female,Poland,1954-04-13
197599,Richard TICE,Richard Tice,Male,United Kingdom,1964-09-13
197591,Irene TINAGLI,Irene Tinagli,Female,Italy,1974-04-16
197402,Tomas TOBÉ,Tomas Tobé,Male,Sweden,1978-02-16
197559,Grzegorz TOBISZOWSKI,Grzegorz Tobiszowski,Male,Poland,1965-11-01
197547,Irène TOLLERET,Irène Tolleret,Female,France,1967-08-17
197672,Eugen TOMAC,Eugen Tomac,Male,Romania,1981-06-27
27714,Edina TÓTH,Edina Tóth,Female,Hungary,1975-03-11
97236,Marie TOUSSAINT,Marie Toussaint,Female,France,1987-05-27
197580,Isabella TOVAGLIERI,Isabella Tovaglieri,Female,Italy,1987-06-25
197593,Véronique TRILLET-LENOIR,Véronique Trillet-Lenoir,Female,France,1957-06-12
197894,László TRÓCSÁNYI,László Trócsányi,Male,Hungary,1956-03-06
197665,Dragoş TUDORACHE,Dragoş Tudorache,Male,Romania,1975-01-14
198183,Mihai TUDOSE,Mihai Tudose,Male,Romania,1967-03-06
197763,Milan UHRÍK,Milan Uhrík,Male,Slovakia,1984-12-21
124705,István UJHELYI,István Ujhelyi,Male,Hungary,1975-02-28
197810,Nils UŠAKOVS,Nils Ušakovs,Male,Latvia,1976-06-08
185771,Tom VANDENDRIESSCHE,Tom Vandendriessche,Male,Belgium,1978-10-27
197870,Kim VAN SPARRENTAK,Kim Van Sparrentak,Female,Netherlands,1989-10-16
239257,Achille VARIATI,Achille Variati,Male,Italy,1953-01-19
197502,Marie-Pierre VEDRENNE,Marie-Pierre Vedrenne,Female,France,1982-12-13
197747,Kyriakos VELOPOULOS,Kyriakos Velopoulos,Male,Greece,1965-10-24
197827,Idoia VILLANUEVA RUIZ,Idoia Villanueva Ruiz,Female,Spain,1980-07-17
197571,Nikolaj VILLUMSEN,Nikolaj Villumsen,Male,Denmark,1983-02-28
98582,Loránt VINCZE,Loránt Vincze,Male,Romania,1977-11-03
199941,Marianne VIND,Marianne Vind,Female,Denmark,1970-12-03
197844,Petar VITANOV,Petar Vitanov,Male,Bulgaria,1982-04-18
197749,Caroline VOADEN,Caroline Voaden,Female,United Kingdom,1968-11-22
197678,Bettina VOLLATH,Bettina Vollath,Female,Austria,1962-10-29
197451,Viola VON CRAMON-TAUBADEL,Viola von Cramon-Taubadel,Female,Germany,1970-03-23
197537,Alexandr VONDRA,Alexandr Vondra,Male,Czechia,1961-08-17
197625,Irina VON WIESE,Irina Von Wiese,Female,United Kingdom,1967-09-11
197552,Veronika VRECIONOVÁ,Veronika Vrecionová,Female,Czechia,1965-09-08
197798,Lucia VUOLO,Lucia Vuolo,Female,Italy,1963-02-15
204400,Adrián VÁZQUEZ LÁZARA,Adrián Vázquez Lázara,Male,Spain,1982-05-05
197817,Mick WALLACE,Mick Wallace,Male,Ireland,1955-11-09
197863,Maria WALSH,Maria Walsh,Female,Ireland,1987-06-11
197429,Marion WALSMANN,Marion Walsmann,Female,Germany,1963-03-17
197405,Jörgen WARBORN,Jörgen Warborn,Male,Sweden,1969-01-23
197566,Witold Jan WASZCZYKOWSKI,Witold Jan Waszczykowski,Male,Poland,1957-05-05
123562,Charlie WEIMERS,Charlie Weimers,Male,Sweden,1982-11-12
197515,Pernille WEISS,Pernille Weiss,Female,Denmark,1968-03-12
197757,James WELLS,James Wells,Male,United Kingdom,1973-01-18
197744,Ann WIDDECOMBE,Ann Widdecombe,Female,United Kingdom,1947-10-04
197675,Sarah WIENER,Sarah Wiener,Female,Austria,1962-08-27
214839,Emma WIESNER,Emma Wiesner,Female,Sweden,1992-11-11
197769,Michal WIEZIK,Michal Wiezik,Male,Slovakia,1979-06-14
197652,Angelika WINZIG,Angelika Winzig,Female,Austria,1963-05-09
197421,Isabel WISELER-LIMA,Isabel Wiseler-Lima,Female,Luxembourg,1961-12-29
5392,Lara WOLTERS,Lara Wolters,Female,Netherlands,1986-04-12
197511,Salima YENBOU,Salima Yenbou,Female,France,1971-03-14
197581,Stéphanie YON-COURTIN,Stéphanie Yon-Courtin,Female,France,1974-03-28
197842,Elena YONCHEVA,Elena Yoncheva,Female,Bulgaria,1964-05-27
197499,Chrysoula ZACHAROPOULOU,Chrysoula Zacharopoulou,Female,France,1976-05-07
197572,Anna ZALEWSKA,Anna Zalewska,Female,Poland,1965-07-06
197586,Stefania ZAMBELLI,Stefania Zambelli,Female,Italy,1971-04-06
197606,Javier ZARZALEJOS,Javier Zarzalejos,Male,Spain,1960-06-06
124713,Tomáš ZDECHOVSKÝ,Tomáš Zdechovský,Male,Czechia,1979-11-02
197489,Bernhard ZIMNIOK,Bernhard Zimniok,Male,Germany,1953-06-21
197621,Juan Ignacio ZOIDO ÁLVAREZ,Juan Ignacio Zoido Álvarez,Male,Spain,1957-01-21
